"Київ";;"м. Київ"
"Київська";"Баришівський";"с. Бакумівка"
"Київська";"Баришівський";"с. Бзів"
"Київська";"Баришівський";"с. Борщів"
"Київська";"Баришівський";"с. Веселинівка"
"Київська";"Баришівський";"с. Власівка"
"Київська";"Баришівський";"с. Волошинівка"
"Київська";"Баришівський";"с. Гостролуччя"
"Київська";"Баришівський";"с. Григорівка"
"Київська";"Баришівський";"с. Дернівка"
"Київська";"Баришівський";"с. Дубове"
"Київська";"Баришівський";"с. Коржі"
"Київська";"Баришівський";"с. Корніївка"
"Київська";"Баришівський";"с. Леляки"
"Київська";"Баришівський";"с. Лехнівка"
"Київська";"Баришівський";"с. Лукаші"
"Київська";"Баришівський";"с. Лук'янівка"
"Київська";"Баришівський";"с. Мала Тарасівка"
"Київська";"Баришівський";"с. Масківці"
"Київська";"Баришівський";"с. Морозівка"
"Київська";"Баришівський";"с. Недра"
"Київська";"Баришівський";"с. Паришків"
"Київська";"Баришівський";"с. Пасічна"
"Київська";"Баришівський";"с. Перемога"
"Київська";"Баришівський";"с. Пилипче"
"Київська";"Баришівський";"с. Поділля"
"Київська";"Баришівський";"с. Рудницьке"
"Київська";"Баришівський";"с. Садове"
"Київська";"Баришівський";"с. Сезенків"
"Київська";"Баришівський";"с. Селичівка"
"Київська";"Баришівський";"с. Селище"
"Київська";"Баришівський";"с. Семенівка"
"Київська";"Баришівський";"с. Устинкова Гребля"
"Київська";"Баришівський";"с. Хлопків"
"Київська";"Баришівський";"с. Хмельовик"
"Київська";"Баришівський";"с. Швачиха"
"Київська";"Баришівський";"с. Шовкове"
"Київська";"Баришівський";"с. Яблуневе"
"Київська";"Баришівський";"с. Ярешки"
"Київська";"Баришівський";"смт Баришівка"
"Київська";"Березань";"м. Березань"
"Київська";"Білоцерківський";"м. Біла Церква"
"Київська";"Білоцерківський";"м. Узин"
"Київська";"Білоцерківський";"с. Бакали"
"Київська";"Білоцерківський";"с. Бикова Гребля"
"Київська";"Білоцерківський";"с. Блощинці"
"Київська";"Білоцерківський";"с. Василів"
"Київська";"Білоцерківський";"с. Вербова"
"Київська";"Білоцерківський";"с. Вільна Тарасівка"
"Київська";"Білоцерківський";"с. Володимирівка"
"Київська";"Білоцерківський";"с. Гайок"
"Київська";"Білоцерківський";"с. Глибочка"
"Київська";"Білоцерківський";"с. Глушки"
"Київська";"Білоцерківський";"с. Городище"
"Київська";"Білоцерківський";"с. Дрозди"
"Київська";"Білоцерківський";"с. Затиша"
"Київська";"Білоцерківський";"с. Іванівка"
"Київська";"Білоцерківський";"с. Йосипівка"
"Київська";"Білоцерківський";"с. Клочки"
"Київська";"Білоцерківський";"с. Коженики"
"Київська";"Білоцерківський";"с. Коржівка"
"Київська";"Білоцерківський";"с. Красне"
"Київська";"Білоцерківський";"с. Людвинівка"
"Київська";"Білоцерківський";"с. Мазепинці"
"Київська";"Білоцерківський";"с. Макіївка"
"Київська";"Білоцерківський";"с. Мала Антонівка"
"Київська";"Білоцерківський";"с. Мала Вільшанка"
"Київська";"Білоцерківський";"с. Мала Сквирка"
"Київська";"Білоцерківський";"с. Матюші"
"Київська";"Білоцерківський";"с. Межове"
"Київська";"Білоцерківський";"с. Михайлівка"
"Київська";"Білоцерківський";"с. Одноріг"
"Київська";"Білоцерківський";"с. Озерна"
"Київська";"Білоцерківський";"с. Олійникова Слобода"
"Київська";"Білоцерківський";"с. Острійки"
"Київська";"Білоцерківський";"с. Павлівка"
"Київська";"Білоцерківський";"с. Пилипча"
"Київська";"Білоцерківський";"с. Піщана"
"Київська";"Білоцерківський";"с. Поправка"
"Київська";"Білоцерківський";"с. Потіївка"
"Київська";"Білоцерківський";"с. Розаліївка"
"Київська";"Білоцерківський";"с. Сидори"
"Київська";"Білоцерківський";"с. Скребиші"
"Київська";"Білоцерківський";"с. Сорокотяги"
"Київська";"Білоцерківський";"с. Степок"
"Київська";"Білоцерківський";"с. Сухоліси"
"Київська";"Білоцерківський";"с. Тарасівка"
"Київська";"Білоцерківський";"с. Томилівка"
"Київська";"Білоцерківський";"с. Трушки"
"Київська";"Білоцерківський";"с. Фастівка"
"Київська";"Білоцерківський";"с. Фесюри"
"Київська";"Білоцерківський";"с. Фурси"
"Київська";"Білоцерківський";"с. Храпачі"
"Київська";"Білоцерківський";"с. Чепиліївка"
"Київська";"Білоцерківський";"с. Черкас (Биково-Гребельська сільська рада)"
"Київська";"Білоцерківський";"с. Черкас (Поправська сільська рада)"
"Київська";"Білоцерківський";"с. Чмирівка"
"Київська";"Білоцерківський";"с. Чупира"
"Київська";"Білоцерківський";"с. Шкарівка"
"Київська";"Білоцерківський";"с. Щербаки"
"Київська";"Білоцерківський";"с. Яблунівка"
"Київська";"Білоцерківський";"смт Терезине"
"Київська";"Богуславський";"м. Богуслав"
"Київська";"Богуславський";"с. Біївці"
"Київська";"Богуславський";"с. Бородані"
"Київська";"Богуславський";"с. Бране Поле"
"Київська";"Богуславський";"с. Вільховець"
"Київська";"Богуславський";"с. Гута"
"Київська";"Богуславський";"с. Дешки"
"Київська";"Богуславський";"с. Дибинці"
"Київська";"Богуславський";"с. Дібрівка"
"Київська";"Богуславський";"с. Дмитренки"
"Київська";"Богуславський";"с. Закутинці"
"Київська";"Богуславський";"с. Іванівка"
"Київська";"Богуславський";"с. Івки"
"Київська";"Богуславський";"с. Ісайки"
"Київська";"Богуславський";"с. Калинівка"
"Київська";"Богуславський";"с. Карандинці"
"Київська";"Богуславський";"с. Киданівка"
"Київська";"Богуславський";"с. Коряківка"
"Київська";"Богуславський";"с. Красногородка"
"Київська";"Богуславський";"с. Лютарі"
"Київська";"Богуславський";"с. Медвин"
"Київська";"Богуславський";"с. Мисайлівка"
"Київська";"Богуславський";"с. Митаївка"
"Київська";"Богуславський";"с. Михайлівка"
"Київська";"Богуславський";"с. Москаленки"
"Київська";"Богуславський";"с. Олексіївка"
"Київська";"Богуславський";"с. Побережка"
"Київська";"Богуславський";"с. Половецьке"
"Київська";"Богуславський";"с. Поташня"
"Київська";"Богуславський";"с. Розкопанці"
"Київська";"Богуславський";"с. Саварка"
"Київська";"Богуславський";"с. Семигори"
"Київська";"Богуславський";"с. Синиця"
"Київська";"Богуславський";"с. Софійка"
"Київська";"Богуславський";"с. Тептіївка"
"Київська";"Богуславський";"с. Туники"
"Київська";"Богуславський";"с. Хохітва"
"Київська";"Богуславський";"с. Чайки"
"Київська";"Богуславський";"с. Шупики"
"Київська";"Богуславський";"с. Щербашинці"
"Київська";"Богуславський";"с. Яцюки"
"Київська";"Бориспільський";"м. Бориспіль"
"Київська";"Бориспільський";"с. Андріївка"
"Київська";"Бориспільський";"с. Артемівка"
"Київська";"Бориспільський";"с. Безуглівка"
"Київська";"Бориспільський";"с. Васильки"
"Київська";"Бориспільський";"с. Велика Олександрівка"
"Київська";"Бориспільський";"с. Велика Стариця"
"Київська";"Бориспільський";"с. Вишеньки"
"Київська";"Бориспільський";"с. Вороньків"
"Київська";"Бориспільський";"с. Глибоке"
"Київська";"Бориспільський";"с. Гнідин"
"Київська";"Бориспільський";"с. Головурів"
"Київська";"Бориспільський";"с. Гора"
"Київська";"Бориспільський";"с. Горобіївка"
"Київська";"Бориспільський";"с. Городище"
"Київська";"Бориспільський";"с. Григорівка"
"Київська";"Бориспільський";"с. Дударків"
"Київська";"Бориспільський";"с. Жереб'ятин"
"Київська";"Бориспільський";"с. Займище"
"Київська";"Бориспільський";"с. Затишне"
"Київська";"Бориспільський";"с. Іванків"
"Київська";"Бориспільський";"с. Кийлів"
"Київська";"Бориспільський";"с. Кириївщина"
"Київська";"Бориспільський";"с. Кучаків"
"Київська";"Бориспільський";"с. Лебедин"
"Київська";"Бориспільський";"с. Любарці"
"Київська";"Бориспільський";"с. Мала Олександрівка"
"Київська";"Бориспільський";"с. Мала Стариця"
"Київська";"Бориспільський";"с. Малі Єрківці"
"Київська";"Бориспільський";"с. Мартусівка"
"Київська";"Бориспільський";"с. Мирне"
"Київська";"Бориспільський";"с. Перегуди"
"Київська";"Бориспільський";"с. Петропавлівське"
"Київська";"Бориспільський";"с. Проліски"
"Київська";"Бориспільський";"с. Проців"
"Київська";"Бориспільський";"с. Ревне"
"Київська";"Бориспільський";"с. Рогозів"
"Київська";"Бориспільський";"с. Сеньківка"
"Київська";"Бориспільський";"с. Сошників"
"Київська";"Бориспільський";"с. Старе"
"Київська";"Бориспільський";"с. Сулимівка"
"Київська";"Бориспільський";"с. Тарасівка"
"Київська";"Бориспільський";"с. Чубинське"
"Київська";"Бориспільський";"с. Щасливе"
"Київська";"Бородянський";"с. Берестянка"
"Київська";"Бородянський";"с. Блиставиця"
"Київська";"Бородянський";"с. Бондарня"
"Київська";"Бородянський";"с. Буда-Бабинецька"
"Київська";"Бородянський";"с. Вабля"
"Київська";"Бородянський";"с. Великий ліс"
"Київська";"Бородянський";"с. Вишняки"
"Київська";"Бородянський";"с. Волиця"
"Київська";"Бородянський";"с. Гай"
"Київська";"Бородянський";"с. Галинка"
"Київська";"Бородянський";"с. Діброва"
"Київська";"Бородянський";"с. Дмитрівка"
"Київська";"Бородянський";"с. Дружня"
"Київська";"Бородянський";"с. Загальці"
"Київська";"Бородянський";"с. Здвижівка"
"Київська";"Бородянський";"с. Качали"
"Київська";"Бородянський";"с. Коблицький ліс"
"Київська";"Бородянський";"с. Коблиця"
"Київська";"Бородянський";"с. Козинці"
"Київська";"Бородянський";"с. Красний Ріг"
"Київська";"Бородянський";"с. Луб'янка"
"Київська";"Бородянський";"с. Майданівка"
"Київська";"Бородянський";"с. Мигалки"
"Київська";"Бородянський";"с. Микуличі"
"Київська";"Бородянський";"с. Мирча"
"Київська";"Бородянський";"с. Михайленків"
"Київська";"Бородянський";"с. Небрат"
"Київська";"Бородянський";"с. Нова буда"
"Київська";"Бородянський";"с. Нова Гребля"
"Київська";"Бородянський";"с. Нове Залісся"
"Київська";"Бородянський";"с. Новий Корогод"
"Київська";"Бородянський";"с. Озера"
"Київська";"Бородянський";"с. Озерщина"
"Київська";"Бородянський";"с. Пилиповичі"
"Київська";"Бородянський";"с. Пороскотень"
"Київська";"Бородянський";"с. Поташня"
"Київська";"Бородянський";"с. Раска"
"Київська";"Бородянський";"с. Стара буда"
"Київська";"Бородянський";"с. Тальське"
"Київська";"Бородянський";"с. Торф'яне"
"Київська";"Бородянський";"с. Шибене"
"Київська";"Бородянський";"с. Язвинка"
"Київська";"Бородянський";"смт Бабинці"
"Київська";"Бородянський";"смт Бородянка"
"Київська";"Бородянський";"смт Клавдієво-Тарасове"
"Київська";"Бородянський";"смт Немішаєве"
"Київська";"Бородянський";"смт Пісківка"
"Київська";"Броварський";"м. Бровари"
"Київська";"Броварський";"с. Бервиця"
"Київська";"Броварський";"с. Бобрик"
"Київська";"Броварський";"с. Богданівка"
"Київська";"Броварський";"с. Вільне"
"Київська";"Броварський";"с. Гайове"
"Київська";"Броварський";"с. Гоголів"
"Київська";"Броварський";"с. Гребельки"
"Київська";"Броварський";"с. Жердова"
"Київська";"Броварський";"с. Заворичі"
"Київська";"Броварський";"с. Зазим'я"
"Київська";"Броварський";"с. Залісся"
"Київська";"Броварський";"с. Захарівка"
"Київська";"Броварський";"с. Зоря"
"Київська";"Броварський";"с. Квітневе"
"Київська";"Броварський";"с. Княжичі"
"Київська";"Броварський";"с. Красилівка"
"Київська";"Броварський";"с. Кулажинці"
"Київська";"Броварський";"с. Літки"
"Київська";"Броварський";"с. Літочки"
"Київська";"Броварський";"с. Михайлівка"
"Київська";"Броварський";"с. Мокрець"
"Київська";"Броварський";"с. Опанасів"
"Київська";"Броварський";"с. Перемога"
"Київська";"Броварський";"с. Переможець"
"Київська";"Броварський";"с. Перше Травня"
"Київська";"Броварський";"с. Першотравневе"
"Київська";"Броварський";"с. Підлісся"
"Київська";"Броварський";"с. Плоске"
"Київська";"Броварський";"с. Погреби"
"Київська";"Броварський";"с. Покровське"
"Київська";"Броварський";"с. Пухівка"
"Київська";"Броварський";"с. Рожівка"
"Київська";"Броварський";"с. Рожни"
"Київська";"Броварський";"с. Рудня"
"Київська";"Броварський";"с. Русанів"
"Київська";"Броварський";"с. Світильня"
"Київська";"Броварський";"с. Семиполки"
"Київська";"Броварський";"с. Скибин"
"Київська";"Броварський";"с. Соболівка"
"Київська";"Броварський";"с. Тарасівка"
"Київська";"Броварський";"с. Требухів"
"Київська";"Броварський";"с. Шевченкове"
"Київська";"Броварський";"смт Велика Димерка"
"Київська";"Броварський";"смт Калинівка"
"Київська";"Броварський";"смт Калита"
"Київська";"Буча";"м. Буча"
"Київська";"Васильківський";"м. Васильків"
"Київська";"Васильківський";"с. Багрин"
"Київська";"Васильківський";"с. Барахти"
"Київська";"Васильківський";"с. Безп'ятне"
"Київська";"Васильківський";"с. Березенщина"
"Київська";"Васильківський";"с. Бобриця"
"Київська";"Васильківський";"с. Борисів"
"Київська";"Васильківський";"с. Варовичі"
"Київська";"Васильківський";"с. Велика Бугаївка"
"Київська";"Васильківський";"с. Велика Вільшанка"
"Київська";"Васильківський";"с. Велика Солтанівка"
"Київська";"Васильківський";"с. Вільшанська Новоселиця"
"Київська";"Васильківський";"с. Вінницькі Стави"
"Київська";"Васильківський";"с. Гвоздів"
"Київська";"Васильківський";"с. Данилівка"
"Київська";"Васильківський";"с. Дерев'янки"
"Київська";"Васильківський";"с. Дзвінкове"
"Київська";"Васильківський";"с. Діброва"
"Київська";"Васильківський";"с. Зайців"
"Київська";"Васильківський";"с. Залізне"
"Київська";"Васильківський";"с. Заріччя"
"Київська";"Васильківський";"с. Застугна"
"Київська";"Васильківський";"с. Здорівка"
"Київська";"Васильківський";"с. Зелений Бір"
"Київська";"Васильківський";"с. Зозулі"
"Київська";"Васильківський";"с. Іванковичі"
"Київська";"Васильківський";"с. Кобці"
"Київська";"Васильківський";"с. Ковалівка"
"Київська";"Васильківський";"с. Кодаки"
"Київська";"Васильківський";"с. Кожухівка"
"Київська";"Васильківський";"с. Крушинка"
"Київська";"Васильківський";"с. Крячки"
"Київська";"Васильківський";"с. Ксаверівка"
"Київська";"Васильківський";"с. Ксаверівка Друга"
"Київська";"Васильківський";"с. Кулибаба"
"Київська";"Васильківський";"с. Липовий Скиток"
"Київська";"Васильківський";"с. Лосятин"
"Київська";"Васильківський";"с. Луб'янка"
"Київська";"Васильківський";"с. Мала Бугаївка"
"Київська";"Васильківський";"с. Мала Солтанівка"
"Київська";"Васильківський";"с. Мархалівка"
"Київська";"Васильківський";"с. Мар'янівка"
"Київська";"Васильківський";"с. Митниця"
"Київська";"Васильківський";"с. Перевіз"
"Київська";"Васильківський";"с. Петрівка"
"Київська";"Васильківський";"с. Пінчуки"
"Київська";"Васильківський";"с. Плесецьке"
"Київська";"Васильківський";"с. Погреби"
"Київська";"Васильківський";"с. Пологи"
"Київська";"Васильківський";"с. Порадівка"
"Київська";"Васильківський";"с. Путрівка"
"Київська";"Васильківський";"с. Пшеничне"
"Київська";"Васильківський";"с. Рославичі"
"Київська";"Васильківський";"с. Руликів"
"Київська";"Васильківський";"с. Саливонки"
"Київська";"Васильківський";"с. Скрипки"
"Київська";"Васильківський";"с. Соколівка"
"Київська";"Васильківський";"с. Степанівка"
"Київська";"Васильківський";"с. Тростинка"
"Київська";"Васильківський";"с. Тростинська Новоселиця"
"Київська";"Васильківський";"с. Устимівка"
"Київська";"Васильківський";"с. Хлепча"
"Київська";"Васильківський";"с. Червоне (Застугнянська сільська рада)"
"Київська";"Васильківський";"с. Червоне (Шевченківська сільська рада)"
"Київська";"Васильківський";"с. Червоне Поле"
"Київська";"Васильківський";"с. Шевченківка"
"Київська";"Васильківський";"с. Яцьки"
"Київська";"Васильківський";"смт Глеваха"
"Київська";"Васильківський";"смт Гребінки"
"Київська";"Васильківський";"смт Дослідницьке"
"Київська";"Васильківський";"смт Калинівка"
"Київська";"Вишгородський";"м. Вишгород"
"Київська";"Вишгородський";"с. Абрамівка"
"Київська";"Вишгородський";"с. Андріївка"
"Київська";"Вишгородський";"с. Богдани"
"Київська";"Вишгородський";"с. Боденьки"
"Київська";"Вишгородський";"с. Вахівка"
"Київська";"Вишгородський";"с. Вища Дубечня"
"Київська";"Вишгородський";"с. Володимирівка"
"Київська";"Вишгородський";"с. Вороньківка"
"Київська";"Вишгородський";"с. Воропаїв"
"Київська";"Вишгородський";"с. Гаврилівка"
"Київська";"Вишгородський";"с. Глібівка"
"Київська";"Вишгородський";"с. Гута-Катюжанська"
"Київська";"Вишгородський";"с. Гута-Межигірська"
"Київська";"Вишгородський";"с. Демидів"
"Київська";"Вишгородський";"с. Дмитрівка"
"Київська";"Вишгородський";"с. Дудки"
"Київська";"Вишгородський";"с. Жукин"
"Київська";"Вишгородський";"с. Каменка"
"Київська";"Вишгородський";"с. Катюжанка"
"Київська";"Вишгородський";"с. Козаровичі"
"Київська";"Вишгородський";"с. Круги"
"Київська";"Вишгородський";"с. Лебедівка"
"Київська";"Вишгородський";"с. Литвинівка"
"Київська";"Вишгородський";"с. Лісовичі"
"Київська";"Вишгородський";"с. Любидва"
"Київська";"Вишгородський";"с. Любимівка"
"Київська";"Вишгородський";"с. Лютіж"
"Київська";"Вишгородський";"с. Миколаївка"
"Київська";"Вишгородський";"с. Нижча Дубечня"
"Київська";"Вишгородський";"с. Нові Петрівці"
"Київська";"Вишгородський";"с. Новосілки"
"Київська";"Вишгородський";"с. Овдієва Нива"
"Київська";"Вишгородський";"с. Осещина"
"Київська";"Вишгородський";"с. Пилява"
"Київська";"Вишгородський";"с. Пірнове"
"Київська";"Вишгородський";"с. Раківка"
"Київська";"Вишгородський";"с. Рикунь"
"Київська";"Вишгородський";"с. Ритні"
"Київська";"Вишгородський";"с. Рихта"
"Київська";"Вишгородський";"с. Ровжи"
"Київська";"Вишгородський";"с. Рови"
"Київська";"Вишгородський";"с. Розтісне"
"Київська";"Вишгородський";"с. Рудня-Димерська"
"Київська";"Вишгородський";"с. Савенки"
"Київська";"Вишгородський";"с. Синяк"
"Київська";"Вишгородський";"с. Сичівка"
"Київська";"Вишгородський";"с. Старі Петрівці"
"Київська";"Вишгородський";"с. Сувид"
"Київська";"Вишгородський";"с. Сухолуччя"
"Київська";"Вишгородський";"с. Тарасівщина"
"Київська";"Вишгородський";"с. Толокунь"
"Київська";"Вишгородський";"с. Федорівка"
"Київська";"Вишгородський";"с. Хотянівка"
"Київська";"Вишгородський";"с. Червоне"
"Київська";"Вишгородський";"с. Ясногородка"
"Київська";"Вишгородський";"смт Димер"
"Київська";"Володарський";"с. Березна"
"Київська";"Володарський";"с. Біліївка"
"Київська";"Володарський";"с. Веснянка"
"Київська";"Володарський";"с. Володимирівка"
"Київська";"Володарський";"с. Гайворон"
"Київська";"Володарський";"с. Гайок"
"Київська";"Володарський";"с. Городище-Косівське"
"Київська";"Володарський";"с. Городище-Пустоварівське"
"Київська";"Володарський";"с. Дружба"
"Київська";"Володарський";"с. Завадівка"
"Київська";"Володарський";"с. Зрайки"
"Київська";"Володарський";"с. Капустинці"
"Київська";"Володарський";"с. Кленове"
"Київська";"Володарський";"с. Коржиха"
"Київська";"Володарський";"с. Косівка"
"Київська";"Володарський";"с. Лихачиха"
"Київська";"Володарський";"с. Лобачів"
"Київська";"Володарський";"с. Логвин"
"Київська";"Володарський";"с. Мармуліївка"
"Київська";"Володарський";"с. Матвіїха"
"Київська";"Володарський";"с. Михайлівка"
"Київська";"Володарський";"с. Надросівка"
"Київська";"Володарський";"с. Нове Життя"
"Київська";"Володарський";"с. Ожегівка"
"Київська";"Володарський";"с. Пархомівка"
"Київська";"Володарський";"с. Петрашівка"
"Київська";"Володарський";"с. Ратуш"
"Київська";"Володарський";"с. Рачки"
"Київська";"Володарський";"с. Рогізна"
"Київська";"Володарський";"с. Рубченки"
"Київська";"Володарський";"с. Руде Село"
"Київська";"Володарський";"с. Тадіївка"
"Київська";"Володарський";"с. Тарасівка"
"Київська";"Володарський";"с. Тарган"
"Київська";"Володарський";"с. Чепіжинці"
"Київська";"Володарський";"с. Шевченкове"
"Київська";"Володарський";"смт Володарка"
"Київська";"Згурівський";"с. Аркадіївка"
"Київська";"Згурівський";"с. Безуглівка"
"Київська";"Згурівський";"с. Великий Крупіль"
"Київська";"Згурівський";"с. Вишневе"
"Київська";"Згурівський";"с. Вільне"
"Київська";"Згурівський";"с. Вознесенське"
"Київська";"Згурівський";"с. Войтове"
"Київська";"Згурівський";"с. Володимирське"
"Київська";"Згурівський";"с. Горбачівка"
"Київська";"Згурівський";"с. Гречана Гребля"
"Київська";"Згурівський";"с. Жуківка"
"Київська";"Згурівський";"с. Зелене"
"Київська";"Згурівський";"с. Іллінське"
"Київська";"Згурівський";"с. Красне"
"Київська";"Згурівський";"с. Левченкове"
"Київська";"Згурівський";"с. Лизогубова Слобода"
"Київська";"Згурівський";"с. Любомирівка"
"Київська";"Згурівський";"с. Майське"
"Київська";"Згурівський";"с. Мала Березанка"
"Київська";"Згурівський";"с. Мала Супоївка"
"Київська";"Згурівський";"с. Малий Крупіль"
"Київська";"Згурівський";"с. Нова Олександрівка"
"Київська";"Згурівський";"с. Нова Оржиця"
"Київська";"Згурівський";"с. Олександринівка"
"Київська";"Згурівський";"с. Олексіївка"
"Київська";"Згурівський";"с. Пайки"
"Київська";"Згурівський";"с. Пасківщина"
"Київська";"Згурівський";"с. Свобода"
"Київська";"Згурівський";"с. Середівка"
"Київська";"Згурівський";"с. Софіївка"
"Київська";"Згурівський";"с. Стара Оржиця"
"Київська";"Згурівський";"с. Старе"
"Київська";"Згурівський";"с. Терлещина"
"Київська";"Згурівський";"с. Турівка"
"Київська";"Згурівський";"с. Урсалівка"
"Київська";"Згурівський";"с. Усівка"
"Київська";"Згурівський";"с. Черевки"
"Київська";"Згурівський";"с. Шевченкове"
"Київська";"Згурівський";"с. Щасливе"
"Київська";"Згурівський";"смт Згурівка"
"Київська";"Іванківський";"м. Чорнобиль"
"Київська";"Іванківський";"с. Білий Берег"
"Київська";"Іванківський";"с. Блідча"
"Київська";"Іванківський";"с. Болотня"
"Київська";"Іванківський";"с. Варівськ"
"Київська";"Іванківський";"с. Верхолісся"
"Київська";"Іванківський";"с. Воропаївка"
"Київська";"Іванківський";"с. Горностайпіль"
"Київська";"Іванківський";"с. Губин"
"Київська";"Іванківський";"с. Димарка"
"Київська";"Іванківський";"с. Дитятки"
"Київська";"Іванківський";"с. Доманівка"
"Київська";"Іванківський";"с. Жерева"
"Київська";"Іванківський";"с. Жеревпілля"
"Київська";"Іванківський";"с. Жміївка"
"Київська";"Іванківський";"с. Запрудка"
"Київська";"Іванківський";"с. Заруддя"
"Київська";"Іванківський";"с. Захарівка"
"Київська";"Іванківський";"с. Зимовище"
"Київська";"Іванківський";"с. Зорин"
"Київська";"Іванківський";"с. Калинове"
"Київська";"Іванківський";"с. Карпилівка"
"Київська";"Іванківський";"с. Ковалівка"
"Київська";"Іванківський";"с. Коленці"
"Київська";"Іванківський";"с. Коленцівське"
"Київська";"Іванківський";"с. Красилівка"
"Київська";"Іванківський";"с. Кропивня"
"Київська";"Іванківський";"с. Кухарі"
"Київська";"Іванківський";"с. Лапутьки"
"Київська";"Іванківський";"с. Леонівка"
"Київська";"Іванківський";"с. Людвинівка"
"Київська";"Іванківський";"с. Макарівка"
"Київська";"Іванківський";"с. Мала Макарівка"
"Київська";"Іванківський";"с. Медвин"
"Київська";"Іванківський";"с. Мокра Корма"
"Київська";"Іванківський";"с. Мусійки"
"Київська";"Іванківський";"с. Нові Макалевичі"
"Київська";"Іванківський";"с. Нові Соколи"
"Київська";"Іванківський";"с. Обуховичі"
"Київська";"Іванківський";"с. Олива"
"Київська";"Іванківський";"с. Олізарівка"
"Київська";"Іванківський";"с. Оране"
"Київська";"Іванківський";"с. Осовець"
"Київська";"Іванківський";"с. Пироговичі"
"Київська";"Іванківський";"с. Підгайне"
"Київська";"Іванківський";"с. Піски"
"Київська";"Іванківський";"с. Полідарівка"
"Київська";"Іванківський";"с. Поталіївка"
"Київська";"Іванківський";"с. Потоки"
"Київська";"Іванківський";"с. Прибірськ"
"Київська";"Іванківський";"с. Рахвалівка"
"Київська";"Іванківський";"с. Розважів"
"Київська";"Іванківський";"с. Рокитна Слобода"
"Київська";"Іванківський";"с. Рудня-Левківська"
"Київська";"Іванківський";"с. Рудня-Сидорівська"
"Київська";"Іванківський";"с. Рудня-Тальська"
"Київська";"Іванківський";"с. Рудня-Шпилівська"
"Київська";"Іванківський";"с. Русаки"
"Київська";"Іванківський";"с. Сидоровичі"
"Київська";"Іванківський";"с. Слобода-Кухарська"
"Київська";"Іванківський";"с. Соснівка"
"Київська";"Іванківський";"с. Ставрівка"
"Київська";"Іванківський";"с. Станішівка"
"Київська";"Іванківський";"с. Старий Міст"
"Київська";"Іванківський";"с. Старі Соколи"
"Київська";"Іванківський";"с. Старовичі"
"Київська";"Іванківський";"с. Степанівка"
"Київська";"Іванківський";"с. Страхолісся"
"Київська";"Іванківський";"с. Сукачі"
"Київська";"Іванківський";"с. Термахівка"
"Київська";"Іванківський";"с. Тетерівське"
"Київська";"Іванківський";"с. Федорівка"
"Київська";"Іванківський";"с. Феневичі"
"Київська";"Іванківський";"с. Фрузинівка"
"Київська";"Іванківський";"с. Хочева"
"Київська";"Іванківський";"с. Чкаловка"
"Київська";"Іванківський";"с. Шевченкове (Димарська сільська рада)"
"Київська";"Іванківський";"с. Шевченкове (Розважівська сільська рада)"
"Київська";"Іванківський";"с. Шпилі"
"Київська";"Іванківський";"с. Яхнівка"
"Київська";"Іванківський";"смт Іванків"
"Київська";"Ірпінь";"м. Ірпінь"
"Київська";"Ірпінь";"смт Ворзель"
"Київська";"Ірпінь";"смт Гостомель"
"Київська";"Ірпінь";"смт Коцюбинське"
"Київська";"Кагарлицький";"м. Кагарлик"
"Київська";"Кагарлицький";"с. Антонівка"
"Київська";"Кагарлицький";"с. Балико-Щучинка"
"Київська";"Кагарлицький";"с. Бендюгівка"
"Київська";"Кагарлицький";"с. Бурти"
"Київська";"Кагарлицький";"с. Великі Пріцьки"
"Київська";"Кагарлицький";"с. Виселка"
"Київська";"Кагарлицький";"с. Виселкове"
"Київська";"Кагарлицький";"с. Воронівка"
"Київська";"Кагарлицький";"с. Горохівське"
"Київська";"Кагарлицький";"с. Горохове"
"Київська";"Кагарлицький";"с. Горохуватка"
"Київська";"Кагарлицький";"с. Гребені"
"Київська";"Кагарлицький";"с. Демівщина"
"Київська";"Кагарлицький";"с. Зелений Яр"
"Київська";"Кагарлицький";"с. Землянка"
"Київська";"Кагарлицький";"с. Зікрачі"
"Київська";"Кагарлицький";"с. Зорівка"
"Київська";"Кагарлицький";"с. Іванівка"
"Київська";"Кагарлицький";"с. Кадомка"
"Київська";"Кагарлицький";"с. Калинівка"
"Київська";"Кагарлицький";"с. Кузьминці"
"Київська";"Кагарлицький";"с. Леонівка"
"Київська";"Кагарлицький";"с. Липовець"
"Київська";"Кагарлицький";"с. Ліщинка"
"Київська";"Кагарлицький";"с. Мирівка"
"Київська";"Кагарлицький";"с. Новосілки"
"Київська";"Кагарлицький";"с. Онацьки"
"Київська";"Кагарлицький";"с. Оріхове"
"Київська";"Кагарлицький";"с. Очеретяне"
"Київська";"Кагарлицький";"с. Панікарча"
"Київська";"Кагарлицький";"с. Переселення"
"Київська";"Кагарлицький";"с. Півці"
"Київська";"Кагарлицький";"с. Расавка (Ліщинської Сільської Ради)"
"Київська";"Кагарлицький";"с. Расавка (Слобідської Сільської Ради)"
"Київська";"Кагарлицький";"с. Слобода"
"Київська";"Кагарлицький";"с. Стави"
"Київська";"Кагарлицький";"с. Стайки"
"Київська";"Кагарлицький";"с. Стрітівка"
"Київська";"Кагарлицький";"с. Сущани"
"Київська";"Кагарлицький";"с. Тарасівка"
"Київська";"Кагарлицький";"с. Тернівка"
"Київська";"Кагарлицький";"с. Уляники"
"Київська";"Кагарлицький";"с. Халча"
"Київська";"Кагарлицький";"с. Черняхів"
"Київська";"Кагарлицький";"с. Шпендівка"
"Київська";"Кагарлицький";"с. Шубівка"
"Київська";"Кагарлицький";"с. Юшки"
"Київська";"Кагарлицький";"с. Яблунівка"
"Київська";"Києво-Святошинський";"м. Боярка"
"Київська";"Києво-Святошинський";"м. Вишневе"
"Київська";"Києво-Святошинський";"с. Білогородка"
"Київська";"Києво-Святошинський";"с. Бобриця"
"Київська";"Києво-Святошинський";"с. Бузова"
"Київська";"Києво-Святошинський";"с. Буча"
"Київська";"Києво-Святошинський";"с. Віта-Поштова"
"Київська";"Києво-Святошинський";"с. Гатне"
"Київська";"Києво-Святошинський";"с. Гнатівка"
"Київська";"Києво-Святошинський";"с. Горбовичі"
"Київська";"Києво-Святошинський";"с. Гореничі"
"Київська";"Києво-Святошинський";"с. Горенка"
"Київська";"Києво-Святошинський";"с. Гурівщина"
"Київська";"Києво-Святошинський";"с. Дмитрівка"
"Київська";"Києво-Святошинський";"с. Жорнівка"
"Київська";"Києво-Святошинський";"с. Забір'я"
"Київська";"Києво-Святошинський";"с. Забуччя"
"Київська";"Києво-Святошинський";"с. Іванків"
"Київська";"Києво-Святошинський";"с. Капітанівка"
"Київська";"Києво-Святошинський";"с. Княжичі"
"Київська";"Києво-Святошинський";"с. Кременище"
"Київська";"Києво-Святошинський";"с. Круглик"
"Київська";"Києво-Святошинський";"с. Крюківщина"
"Київська";"Києво-Святошинський";"с. Личанка"
"Київська";"Києво-Святошинський";"с. Лісне"
"Київська";"Києво-Святошинський";"с. Лісники"
"Київська";"Києво-Святошинський";"с. Лука"
"Київська";"Києво-Святошинський";"с. Любимівка"
"Київська";"Києво-Святошинський";"с. Малютянка"
"Київська";"Києво-Святошинський";"с. Мила"
"Київська";"Києво-Святошинський";"с. Мироцьке"
"Київська";"Києво-Святошинський";"с. Михайлівка-Рубежівка"
"Київська";"Києво-Святошинський";"с. Мощун"
"Київська";"Києво-Святошинський";"с. Мрія"
"Київська";"Києво-Святошинський";"с. Музичі"
"Київська";"Києво-Святошинський";"с. Неграші"
"Київська";"Києво-Святошинський";"с. Нове"
"Київська";"Києво-Святошинський";"с. Новосілки"
"Київська";"Києво-Святошинський";"с. Петропавлівська Борщагівка"
"Київська";"Києво-Святошинський";"с. Петрушки"
"Київська";"Києво-Святошинський";"с. Святопетрівське"
"Київська";"Києво-Святошинський";"с. Софіївська Борщагівка"
"Київська";"Києво-Святошинський";"с. Стоянка"
"Київська";"Києво-Святошинський";"с. Тарасівка"
"Київська";"Києво-Святошинський";"с. Хмільна"
"Київська";"Києво-Святошинський";"с. Ходосівка"
"Київська";"Києво-Святошинський";"с. Хотів"
"Київська";"Києво-Святошинський";"с. Чайки"
"Київська";"Києво-Святошинський";"с. Шевченкове"
"Київська";"Києво-Святошинський";"с. Шпитьки"
"Київська";"Києво-Святошинський";"с. Юрівка"
"Київська";"Києво-Святошинський";"смт Чабани"
"Київська";"Макарівський";"с. Андріївка"
"Київська";"Макарівський";"с. Березівка"
"Київська";"Макарівський";"с. Бишів"
"Київська";"Макарівський";"с. Борівка"
"Київська";"Макарівський";"с. Великий Карашин"
"Київська";"Макарівський";"с. Весела Слобідка"
"Київська";"Макарівський";"с. Вишеград"
"Київська";"Макарівський";"с. Вільне"
"Київська";"Макарівський";"с. Вітрівка"
"Київська";"Макарівський";"с. Волосінь"
"Київська";"Макарівський";"с. Гавронщина"
"Київська";"Макарівський";"с. Горобіївка"
"Київська";"Макарівський";"с. Грузьке"
"Київська";"Макарівський";"с. Забуяння"
"Київська";"Макарівський";"с. Завалівка"
"Київська";"Макарівський";"с. Зуровка"
"Київська";"Макарівський";"с. Калинівка"
"Київська";"Макарівський";"с. Козичанка"
"Київська";"Макарівський";"с. Колонщина"
"Київська";"Макарівський";"с. Комарівка"
"Київська";"Макарівський";"с. Конопельки"
"Київська";"Макарівський";"с. Копилів"
"Київська";"Макарівський";"с. Копіївка"
"Київська";"Макарівський";"с. Королівка"
"Київська";"Макарівський";"с. Леонівка"
"Київська";"Макарівський";"с. Липівка"
"Київська";"Макарівський";"с. Лисиця"
"Київська";"Макарівський";"с. Лишня"
"Київська";"Макарівський";"с. Лозовик"
"Київська";"Макарівський";"с. Лубське"
"Київська";"Макарівський";"с. Людвинівка"
"Київська";"Макарівський";"с. Макарівська Буда"
"Київська";"Макарівський";"с. Маковище"
"Київська";"Макарівський";"с. Малий Карашин"
"Київська";"Макарівський";"с. Мар'янівка (Колонщинська сільська рада)"
"Київська";"Макарівський";"с. Мар'янівка (Мар'янівська сільська рада)"
"Київська";"Макарівський";"с. Миколаївка"
"Київська";"Макарівський";"с. Мостище"
"Київська";"Макарівський";"с. Мотижин"
"Київська";"Макарівський";"с. Наливайківка"
"Київська";"Макарівський";"с. Небелиця"
"Київська";"Макарівський";"с. Ніжиловичі"
"Київська";"Макарівський";"с. Нові Опачичі"
"Київська";"Макарівський";"с. Новомирівка"
"Київська";"Макарівський";"с. Новосілки"
"Київська";"Макарівський";"с. Осикове"
"Київська";"Макарівський";"с. Пашківка"
"Київська";"Макарівський";"с. Плахтянка"
"Київська";"Макарівський";"с. Почепин"
"Київська";"Макарівський";"с. Рожів"
"Київська";"Макарівський";"с. Садки-Строївка"
"Київська";"Макарівський";"с. Северинівка"
"Київська";"Макарівський";"с. Ситняки"
"Київська";"Макарівський";"с. Соболівка"
"Київська";"Макарівський";"с. Соснівка"
"Київська";"Макарівський";"с. Фасівочка"
"Київська";"Макарівський";"с. Фасова"
"Київська";"Макарівський";"с. Ферма (Бишівська сільська рада)"
"Київська";"Макарівський";"с. Ферма (Королівська сільська рада)"
"Київська";"Макарівський";"с. Червона Гірка"
"Київська";"Макарівський";"с. Червона Слобода"
"Київська";"Макарівський";"с. Чорногородка"
"Київська";"Макарівський";"с. Шнурів Ліс"
"Київська";"Макарівський";"с. Юрів"
"Київська";"Макарівський";"с. Юрівка"
"Київська";"Макарівський";"с. Яблунівка"
"Київська";"Макарівський";"с. Ясногородка"
"Київська";"Макарівський";"смт Кодра"
"Київська";"Макарівський";"смт Макарів"
"Київська";"Миронівський";"м. Миронівка"
"Київська";"Миронівський";"с. Андріївка"
"Київська";"Миронівський";"с. Вахутинці"
"Київська";"Миронівський";"с. Ведмедівка"
"Київська";"Миронівський";"с. Великий Букрин"
"Київська";"Миронівський";"с. Вікторівка"
"Київська";"Миронівський";"с. Владиславка"
"Київська";"Миронівський";"с. Горобіївка"
"Київська";"Миронівський";"с. Грушів"
"Київська";"Миронівський";"с. Гулі"
"Київська";"Миронівський";"с. Дударі"
"Київська";"Миронівський";"с. Ємчиха"
"Київська";"Миронівський";"с. Зеленьки"
"Київська";"Миронівський";"с. Карапиші"
"Київська";"Миронівський";"с. Кип'ячка"
"Київська";"Миронівський";"с. Козин"
"Київська";"Миронівський";"с. Коритище"
"Київська";"Миронівський";"с. Кулешів"
"Київська";"Миронівський";"с. Кутелів"
"Київська";"Миронівський";"с. Липовий Ріг"
"Київська";"Миронівський";"с. Македони"
"Київська";"Миронівський";"с. Малий Букрин"
"Київська";"Миронівський";"с. Малі Прицьки"
"Київська";"Миронівський";"с. Маслівка"
"Київська";"Миронівський";"с. Матвіївка"
"Київська";"Миронівський";"с. Микитяни"
"Київська";"Миронівський";"с. Нова Миронівка"
"Київська";"Миронівський";"с. Нова Олександрівка"
"Київська";"Миронівський";"с. Олександрівка"
"Київська";"Миронівський";"с. Пії"
"Київська";"Миронівський";"с. Польове"
"Київська";"Миронівський";"с. Потік"
"Київська";"Миронівський";"с. Пустовіти"
"Київська";"Миронівський";"с. П'ятихатка"
"Київська";"Миронівський";"с. Ромашки"
"Київська";"Миронівський";"с. Росава"
"Київська";"Миронівський";"с. Салів"
"Київська";"Миронівський";"с. Світле"
"Київська";"Миронівський";"с. Тарасівка"
"Київська";"Миронівський";"с. Тулинці"
"Київська";"Миронівський";"с. Фролівка"
"Київська";"Миронівський";"с. Ходорів"
"Київська";"Миронівський";"с. Центральне"
"Київська";"Миронівський";"с. Шандра"
"Київська";"Миронівський";"с. Юхни"
"Київська";"Миронівський";"с. Яхни"
"Київська";"Обухівський";"м. Обухів"
"Київська";"Обухівський";"м. Українка"
"Київська";"Обухівський";"с. Безіменне"
"Київська";"Обухівський";"с. Березове"
"Київська";"Обухівський";"с. Великі Дмитровичі"
"Київська";"Обухівський";"с. Верем'я"
"Київська";"Обухівський";"с. Витачів"
"Київська";"Обухівський";"с. Германівка"
"Київська";"Обухівський";"с. Григорівка"
"Київська";"Обухівський";"с. Гусачівка"
"Київська";"Обухівський";"с. Дерев'яна"
"Київська";"Обухівський";"с. Деремезна"
"Київська";"Обухівський";"с. Долина"
"Київська";"Обухівський";"с. Жуківці"
"Київська";"Обухівський";"с. Застугна"
"Київська";"Обухівський";"с. Капустяна"
"Київська";"Обухівський";"с. Козіївка"
"Київська";"Обухівський";"с. Конюша"
"Київська";"Обухівський";"с. Копачів"
"Київська";"Обухівський";"с. Красна Слобідка"
"Київська";"Обухівський";"с. Красне Перше"
"Київська";"Обухівський";"с. Креничі"
"Київська";"Обухівський";"с. Кулі"
"Київська";"Обухівський";"с. Ленди"
"Київська";"Обухівський";"с. Макарівка"
"Київська";"Обухівський";"с. Мала Вільшанка"
"Київська";"Обухівський";"с. Малі Дмитровичі"
"Київська";"Обухівський";"с. Матяшівка"
"Київська";"Обухівський";"с. Нещерів"
"Київська";"Обухівський";"с. Нові Безрадичі"
"Київська";"Обухівський";"с. Паращина"
"Київська";"Обухівський";"с. Перегонівка"
"Київська";"Обухівський";"с. Перше Травня"
"Київська";"Обухівський";"с. Підгірці"
"Київська";"Обухівський";"с. Плюти"
"Київська";"Обухівський";"с. Романків"
"Київська";"Обухівський";"с. Семенівка"
"Київська";"Обухівський";"с. Старі Безрадичі"
"Київська";"Обухівський";"с. Степок"
"Київська";"Обухівський";"с. Тарасівка"
"Київська";"Обухівський";"с. Таценки"
"Київська";"Обухівський";"с. Трипілля"
"Київська";"Обухівський";"с. Халеп'я"
"Київська";"Обухівський";"с. Шевченкове"
"Київська";"Обухівський";"с. Щербанівка"
"Київська";"Обухівський";"смт Козин"
"Київська";"Переяслав-Хмельницький";"м. Переяслав-Хмельницький"
"Київська";"Переяслав-Хмельницький";"с. Велика Каратуль"
"Київська";"Переяслав-Хмельницький";"с. Веселе"
"Київська";"Переяслав-Хмельницький";"с. Виповзки"
"Київська";"Переяслав-Хмельницький";"с. Вінинці"
"Київська";"Переяслав-Хмельницький";"с. Вовчків"
"Київська";"Переяслав-Хмельницький";"с. Воскресенське"
"Київська";"Переяслав-Хмельницький";"с. Гайшин"
"Київська";"Переяслав-Хмельницький";"с. Гланишів"
"Київська";"Переяслав-Хмельницький";"с. Горбані"
"Київська";"Переяслав-Хмельницький";"с. Гребля"
"Київська";"Переяслав-Хмельницький";"с. Гречаники"
"Київська";"Переяслав-Хмельницький";"с. Дем'янці"
"Київська";"Переяслав-Хмельницький";"с. Дениси"
"Київська";"Переяслав-Хмельницький";"с. Дівички"
"Київська";"Переяслав-Хмельницький";"с. Довга Гребля"
"Київська";"Переяслав-Хмельницький";"с. Єрківці"
"Київська";"Переяслав-Хмельницький";"с. Заострів"
"Київська";"Переяслав-Хмельницький";"с. Кавказ"
"Київська";"Переяслав-Хмельницький";"с. Ковалин"
"Київська";"Переяслав-Хмельницький";"с. Козлів"
"Київська";"Переяслав-Хмельницький";"с. Лецьки"
"Київська";"Переяслав-Хмельницький";"с. Мазінки"
"Київська";"Переяслав-Хмельницький";"с. Мала Каратуль"
"Київська";"Переяслав-Хмельницький";"с. Мар'янівка"
"Київська";"Переяслав-Хмельницький";"с. Натягайлівка"
"Київська";"Переяслав-Хмельницький";"с. Переяславське"
"Київська";"Переяслав-Хмельницький";"с. Перше травня"
"Київська";"Переяслав-Хмельницький";"с. Плескачі"
"Київська";"Переяслав-Хмельницький";"с. Пологи-Вергуни"
"Київська";"Переяслав-Хмельницький";"с. Пологи-Чобітки"
"Київська";"Переяслав-Хмельницький";"с. Пологи-Яненки"
"Київська";"Переяслав-Хмельницький";"с. Положаї"
"Київська";"Переяслав-Хмельницький";"с. Помоклі"
"Київська";"Переяслав-Хмельницький";"с. Пристроми"
"Київська";"Переяслав-Хмельницький";"с. Світанок"
"Київська";"Переяслав-Хмельницький";"с. Сомкова Долина"
"Київська";"Переяслав-Хмельницький";"с. Соснівка"
"Київська";"Переяслав-Хмельницький";"с. Соснова"
"Київська";"Переяслав-Хмельницький";"с. Стовп'яги"
"Київська";"Переяслав-Хмельницький";"с. Строкова"
"Київська";"Переяслав-Хмельницький";"с. Студеники"
"Київська";"Переяслав-Хмельницький";"с. Тарасівка"
"Київська";"Переяслав-Хмельницький";"с. Ташань"
"Київська";"Переяслав-Хмельницький";"с. Травневе"
"Київська";"Переяслав-Хмельницький";"с. Улянівка"
"Київська";"Переяслав-Хмельницький";"с. Харківці"
"Київська";"Переяслав-Хмельницький";"с. Хоцьки"
"Київська";"Переяслав-Хмельницький";"с. Циблі"
"Київська";"Переяслав-Хмельницький";"с. Чирське"
"Київська";"Переяслав-Хмельницький";"с. Чопилки"
"Київська";"Переяслав-Хмельницький";"с. Шевченкове"
"Київська";"Поліський";"с. Буда-Вовчківська"
"Київська";"Поліський";"с. Буда-Радинська"
"Київська";"Поліський";"с. Вересня"
"Київська";"Поліський";"с. Вовчків"
"Київська";"Поліський";"с. Городещина"
"Київська";"Поліський";"с. Дубова (Володарська сільська Рада)"
"Київська";"Поліський";"с. Дубова (Красятицька сільська рада)"
"Київська";"Поліський";"с. Залишани"
"Київська";"Поліський";"с. Зелена Поляна"
"Київська";"Поліський";"с. Зірка"
"Київська";"Поліський";"с. Калинівка"
"Київська";"Поліський";"с. Левковичі"
"Київська";"Поліський";"с. Лісове"
"Київська";"Поліський";"с. Луговики"
"Київська";"Поліський";"с. Максимовичі"
"Київська";"Поліський";"с. Мар'янівка"
"Київська";"Поліський";"с. Міхлівщина"
"Київська";"Поліський";"с. Млачівка"
"Київська";"Поліський";"с. Нівецьке"
"Київська";"Поліський";"с. Омелянівка"
"Київська";"Поліський";"с. Рагівка"
"Київська";"Поліський";"с. Радинка"
"Київська";"Поліський";"с. Романівка"
"Київська";"Поліський";"с. Стара Марківка"
"Київська";"Поліський";"с. Стещина"
"Київська";"Поліський";"с. Стовпне"
"Київська";"Поліський";"с. Федорівка"
"Київська";"Поліський";"с. Черемошна"
"Київська";"Поліський";"с. Шкнева"
"Київська";"Поліський";"смт Красятичі"
"Київська";"Ржищів";"м. Ржищів"
"Київська";"Рокитнянський";"с. Бакумівка"
"Київська";"Рокитнянський";"с. Бирюки"
"Київська";"Рокитнянський";"с. Бушеве"
"Київська";"Рокитнянський";"с. Житні Гори"
"Київська";"Рокитнянський";"с. Запруддя"
"Київська";"Рокитнянський";"с. Калинівка"
"Київська";"Рокитнянський";"с. Колесникове"
"Київська";"Рокитнянський";"с. Луб'янка"
"Київська";"Рокитнянський";"с. Любка"
"Київська";"Рокитнянський";"с. Маківка"
"Київська";"Рокитнянський";"с. Насташка"
"Київська";"Рокитнянський";"с. Нова Маківка"
"Київська";"Рокитнянський";"с. Ольшаниця"
"Київська";"Рокитнянський";"с. Острів"
"Київська";"Рокитнянський";"с. Першотравневе"
"Київська";"Рокитнянський";"с. Пугачівка"
"Київська";"Рокитнянський";"с. Ромашки"
"Київська";"Рокитнянський";"с. Савинці"
"Київська";"Рокитнянський";"с. Синява"
"Київська";"Рокитнянський";"с. Телешівка"
"Київська";"Рокитнянський";"с. Троїцьке"
"Київська";"Рокитнянський";"с. Шарки"
"Київська";"Рокитнянський";"смт Рокитне"
"Київська";"Сквирський";"м. Сквира"
"Київська";"Сквирський";"с. Андріївка"
"Київська";"Сквирський";"с. Антонів"
"Київська";"Сквирський";"с. Безпечна"
"Київська";"Сквирський";"с. Безугляки"
"Київська";"Сквирський";"с. Буки"
"Київська";"Сквирський";"с. Великі Єрчики"
"Київська";"Сквирський";"с. Великополовецьке"
"Київська";"Сквирський";"с. Владиславка"
"Київська";"Сквирський";"с. Горобіївка"
"Київська";"Сквирський";"с. Домантівка"
"Київська";"Сквирський";"с. Дулицьке"
"Київська";"Сквирський";"с. Дунайка"
"Київська";"Сквирський";"с. Золотуха"
"Київська";"Сквирський";"с. Каленна"
"Київська";"Сквирський";"с. Кам'яна Гребля"
"Київська";"Сквирський";"с. Квітневе"
"Київська";"Сквирський";"с. Кононівка"
"Київська";"Сквирський";"с. Красноліси"
"Київська";"Сквирський";"с. Краснянка"
"Київська";"Сквирський";"с. Кривошиїнці"
"Київська";"Сквирський";"с. Лаврики"
"Київська";"Сквирський";"с. Мала Михайлівка"
"Київська";"Сквирський";"с. Малі Єрчики"
"Київська";"Сквирський";"с. Малі Лисівці"
"Київська";"Сквирський";"с. Миньківці"
"Київська";"Сквирський";"с. Мовчанівка"
"Київська";"Сквирський";"с. Нова Пустоварівка"
"Київська";"Сквирський";"с. Новий Шлях"
"Київська";"Сквирський";"с. Оріховець"
"Київська";"Сквирський";"с. Пищики"
"Київська";"Сквирський";"с. Пустоварівка"
"Київська";"Сквирський";"с. Рибчинці"
"Київська";"Сквирський";"с. Рогізна"
"Київська";"Сквирський";"с. Руда"
"Київська";"Сквирський";"с. Саврань"
"Київська";"Сквирський";"с. Самгородок"
"Київська";"Сквирський";"с. Селезенівка"
"Київська";"Сквирський";"с. Таборів"
"Київська";"Сквирський";"с. Тарасівка"
"Київська";"Сквирський";"с. Терешки"
"Київська";"Сквирський";"с. Токарівка"
"Київська";"Сквирський";"с. Тхорівка"
"Київська";"Сквирський";"с. Улянівка"
"Київська";"Сквирський";"с. Цапіївка"
"Київська";"Сквирський";"с. Чубинці"
"Київська";"Сквирський";"с. Шаліївка"
"Київська";"Сквирський";"с. Шамраївка"
"Київська";"Сквирський";"с. Шапіївка"
"Київська";"Сквирський";"с. Ями"
"Київська";"Славутич";"м. Славутич"
"Київська";"Ставищенський";"с. Антонівка"
"Київська";"Ставищенський";"с. Бесідка"
"Київська";"Ставищенський";"с. Богатирка"
"Київська";"Ставищенський";"с. Брилівка"
"Київська";"Ставищенський";"с. Василиха"
"Київська";"Ставищенський";"с. Веселе"
"Київська";"Ставищенський";"с. Винарівка"
"Київська";"Ставищенський";"с. Вишківське"
"Київська";"Ставищенський";"с. Гейсиха"
"Київська";"Ставищенський";"с. Гостра Могила"
"Київська";"Ставищенський";"с. Григорівська Слобода"
"Київська";"Ставищенський";"с. Журавлиха"
"Київська";"Ставищенський";"с. Іванівка"
"Київська";"Ставищенський";"с. Красилівка"
"Київська";"Ставищенський";"с. Кривець"
"Київська";"Ставищенський";"с. Любча"
"Київська";"Ставищенський";"с. Полковниче"
"Київська";"Ставищенський";"с. Попружна"
"Київська";"Ставищенський";"с. Розкішна"
"Київська";"Ставищенський";"с. Розумниця"
"Київська";"Ставищенський";"с. Сніжки"
"Київська";"Ставищенський";"с. Станіславчик"
"Київська";"Ставищенський";"с. Стрижавка"
"Київська";"Ставищенський";"с. Сухий Яр"
"Київська";"Ставищенський";"с. Торчицький Степок"
"Київська";"Ставищенський";"с. Торчиця"
"Київська";"Ставищенський";"с. Червоне"
"Київська";"Ставищенський";"с. Юрківка"
"Київська";"Ставищенський";"с. Ясенівка"
"Київська";"Ставищенський";"смт Ставище"
"Київська";"Таращанський";"м. Тараща"
"Київська";"Таращанський";"с. Антонівка"
"Київська";"Таращанський";"с. Бовкун"
"Київська";"Таращанський";"с. Буда"
"Київська";"Таращанський";"с. Велика Березянка"
"Київська";"Таращанський";"с. Велика Вовнянка"
"Київська";"Таращанський";"с. Веселий Кут"
"Київська";"Таращанський";"с. Володимирівка"
"Київська";"Таращанський";"с. Дубівка"
"Київська";"Таращанський";"с. Калинове"
"Київська";"Таращанський";"с. Кирдани"
"Київська";"Таращанський";"с. Кислівка"
"Київська";"Таращанський";"с. Ківшовата"
"Київська";"Таращанський";"с. Косяківка"
"Київська";"Таращанський";"с. Красюки"
"Київська";"Таращанський";"с. Крива"
"Київська";"Таращанський";"с. Круті Горби"
"Київська";"Таращанський";"с. Лісовичі"
"Київська";"Таращанський";"с. Лука"
"Київська";"Таращанський";"с. Лук'янівка"
"Київська";"Таращанський";"с. Маковецьке"
"Київська";"Таращанський";"с. Мала Березянка"
"Київська";"Таращанський";"с. Мала Вовнянка"
"Київська";"Таращанський";"с. Малоберезанське"
"Київська";"Таращанський";"с. Плоске"
"Київська";"Таращанський";"с. Потоки"
"Київська";"Таращанський";"с. Ріжки"
"Київська";"Таращанський";"с. Салиха"
"Київська";"Таращанський";"с. Северинівка"
"Київська";"Таращанський";"с. Станишівка"
"Київська";"Таращанський";"с. Степок"
"Київська";"Таращанський";"с. Улашівка"
"Київська";"Таращанський";"с. Червоні Яри"
"Київська";"Таращанський";"с. Чернин"
"Київська";"Таращанський";"с. Юшків Ріг"
"Київська";"Тетіївський";"м. Тетіїв"
"Київська";"Тетіївський";"с. Бурківці"
"Київська";"Тетіївський";"с. Високе"
"Київська";"Тетіївський";"с. Галайки"
"Київська";"Тетіївський";"с. Голодьки"
"Київська";"Тетіївський";"с. Горошків"
"Київська";"Тетіївський";"с. Григорівка"
"Київська";"Тетіївський";"с. Денихівка"
"Київська";"Тетіївський";"с. Дзвеняче"
"Київська";"Тетіївський";"с. Дібрівка"
"Київська";"Тетіївський";"с. Дубина"
"Київська";"Тетіївський";"с. Кашперівка"
"Київська";"Тетіївський";"с. Клюки"
"Київська";"Тетіївський";"с. Кошів"
"Київська";"Тетіївський";"с. Михайлівка"
"Київська";"Тетіївський";"с. Молочне"
"Київська";"Тетіївський";"с. Ненадиха"
"Київська";"Тетіївський";"с. Одайпіль"
"Київська";"Тетіївський";"с. Перше Травня"
"Київська";"Тетіївський";"с. Погреби"
"Київська";"Тетіївський";"с. П'ятигори"
"Київська";"Тетіївський";"с. Ріденьке"
"Київська";"Тетіївський";"с. Росішки"
"Київська";"Тетіївський";"с. Скибинці"
"Київська";"Тетіївський";"с. Софіпіль"
"Київська";"Тетіївський";"с. Стадниця"
"Київська";"Тетіївський";"с. Степове"
"Київська";"Тетіївський";"с. Тайниця"
"Київська";"Тетіївський";"с. Тарасівка"
"Київська";"Тетіївський";"с. Теліжинці"
"Київська";"Тетіївський";"с. Хмелівка"
"Київська";"Тетіївський";"с. Черепин"
"Київська";"Тетіївський";"с. Черепинка"
"Київська";"Фастівський";"м. Фастів"
"Київська";"Фастівський";"с. Бортники"
"Київська";"Фастівський";"с. Василівка"
"Київська";"Фастівський";"с. Велика Мотовилівка"
"Київська";"Фастівський";"с. Велика Офірна"
"Київська";"Фастівський";"с. Велика Снітинка"
"Київська";"Фастівський";"с. Великі Гуляки"
"Київська";"Фастівський";"с. Веприк"
"Київська";"Фастівський";"с. Вишня"
"Київська";"Фастівський";"с. Вишняки"
"Київська";"Фастівський";"с. Вільшанська Нива"
"Київська";"Фастівський";"с. Волиця"
"Київська";"Фастівський";"с. Гвардійське"
"Київська";"Фастівський";"с. Деминівка"
"Київська";"Фастівський";"с. Дідівщина"
"Київська";"Фастівський";"с. Дмитрівка"
"Київська";"Фастівський";"с. Дорогинка"
"Київська";"Фастівський";"с. Єлизаветівка"
"Київська";"Фастівський";"с. Кищинці"
"Київська";"Фастівський";"с. Клехівка"
"Київська";"Фастівський";"с. Кончаки"
"Київська";"Фастівський";"с. Королівка"
"Київська";"Фастівський";"с. Кощіївка"
"Київська";"Фастівський";"с. Мала Офірна"
"Київська";"Фастівський";"с. Мала Снітинка"
"Київська";"Фастівський";"с. Малополовецьке"
"Київська";"Фастівський";"с. Млинок"
"Київська";"Фастівський";"с. Мотовилівка"
"Київська";"Фастівський";"с. Мотовилівська Слобідка"
"Київська";"Фастівський";"с. Оленівка"
"Київська";"Фастівський";"с. Паляничинці"
"Київська";"Фастівський";"с. Пилипівка"
"Київська";"Фастівський";"с. Півні"
"Київська";"Фастівський";"с. Пришивальня"
"Київська";"Фастівський";"с. Скригалівка"
"Київська";"Фастівський";"с. Софіївка"
"Київська";"Фастівський";"с. Ставки"
"Київська";"Фастівський";"с. Степове"
"Київська";"Фастівський";"с. Тарасенки"
"Київська";"Фастівський";"с. Тарасівка"
"Київська";"Фастівський";"с. Томашівка"
"Київська";"Фастівський";"с. Триліси"
"Київська";"Фастівський";"с. Фастівець"
"Київська";"Фастівський";"с. Федорівка"
"Київська";"Фастівський";"с. Червоне"
"Київська";"Фастівський";"с. Ярошівка"
"Київська";"Фастівський";"с. Яхни"
"Київська";"Фастівський";"смт Борова"
"Київська";"Фастівський";"смт Кожанка"
"Київська";"Яготинський";"м. Яготин"
"Київська";"Яготинський";"с. Богданівка"
"Київська";"Яготинський";"с. Божки"
"Київська";"Яготинський";"с. Воронівщина"
"Київська";"Яготинський";"с. Гензерівка"
"Київська";"Яготинський";"с. Годунівка"
"Київська";"Яготинський";"с. Гречанівка"
"Київська";"Яготинський";"с. Григорівка"
"Київська";"Яготинський";"с. Двірківщина"
"Київська";"Яготинський";"с. Дзюбівка"
"Київська";"Яготинський";"с. Добраничівка"
"Київська";"Яготинський";"с. Жоравка"
"Київська";"Яготинський";"с. Засупоївка"
"Київська";"Яготинський";"с. Кайнари"
"Київська";"Яготинський";"с. Капустинці"
"Київська";"Яготинський";"с. Коптевичівка"
"Київська";"Яготинський";"с. Кулябівка"
"Київська";"Яготинський";"с. Лебедівка"
"Київська";"Яготинський";"с. Лемешівка"
"Київська";"Яготинський";"с. Лозовий Яр"
"Київська";"Яготинський";"с. Лукомщина"
"Київська";"Яготинський";"с. Ничипорівка"
"Київська";"Яготинський";"с. Озерне"
"Київська";"Яготинський";"с. Панфили"
"Київська";"Яготинський";"с. Плужники"
"Київська";"Яготинський";"с. Райківщина"
"Київська";"Яготинський";"с. Розумівка"
"Київська";"Яготинський";"с. Рокитне"
"Київська";"Яготинський";"с. Соколівщина"
"Київська";"Яготинський";"с. Сотниківка"
"Київська";"Яготинський";"с. Сулимівка"
"Київська";"Яготинський";"с. Супоївка"
"Київська";"Яготинський";"с. Трубівщина"
"Київська";"Яготинський";"с. Тужилів"
"Київська";"Яготинський";"с. Фарбоване"
"Київська";"Яготинський";"с. Федорівка"
"Київська";"Яготинський";"с. Червоне"
"Київська";"Яготинський";"с. Червоне Заріччя"
"Київська";"Яготинський";"с. Черкасівка"
"Київська";"Яготинський";"с. Черняхівка"
"Київська";"Яготинський";"с. Черняхівка (Двірківщинська сільська рада)"
"Київська";"Яготинський";"с. Шевченкове"
